{"BdKJENWA1L8V6bh4O7yqgQ==":"logo-158x157.png","Kyg+PU5pZ6jHmaGl/X2ObA==":"mbr-1620x1080.jpg","enTLx1fOFCuqNDwWXcowPg==":"logo32-158x153.png","4RL4zaRq2MoumAixZMu8eQ==":"mbr-1618x1080.jpg","75zNZiS6Nv345Ku1ohtKhQ==":"artificial-intelligence-2167835-1280-1280x856.jpg","3xaM6rq72DmaHkN8zymfwg==":"pexels-photo-265087%20(1)-640x426.jpg","ricluQaXwYjuqvDaYmOMzQ==":"cybersecurity-2000x1000.jpg","DROjy9cj9Ut5Lrk3sEFMRA==":"pexels-photo-265087%20(1)-640x426.jpg","I23aPkFDzMmaXVxb2lBYUQ==":"mbr-1-1618x1080.jpg","en76vC+aTbEFBu8EG2AezA==":"mbr-1-1620x1080.jpg","KCuG0nAXaCqML+p9aUD5PA==":"network-cable-ethernet-computer-159304-1280x853.jpg","VYrrz5A9CwzMODfUQu5wsg==":"network-cable-ethernet-computer-159305-1280x853.jpg","/K8gep1WuY6T3xwllB20/g==":"pexels-photo-267507-1280x720.jpg","ZV/Di4Ff0nATqdme/gARzw==":"pexels-photo-267508-1280x720.jpg"}